Timestamp,Open,High,Low,Close,Volume
2023-09-05T00:00:00.000Z,1630.12,1646.77,1611.3,1634.17,800.60698241
2023-09-06T00:00:00.000Z,1634.18,1667.87,1610.79,1633.12,2755.04227776
2023-09-07T00:00:00.000Z,1633.15,1657.74,1624.31,1647.31,718.23418246
2023-09-08T00:00:00.000Z,1647.92,1654.14,1615.86,1636.64,675.4329658
2023-09-09T00:00:00.000Z,1636.56,1636.94,1629.94,1635.09,290.51109819
2023-09-10T00:00:00.000Z,1634.21,1634.21,1600,1617.19,669.95390486
2023-09-11T00:00:00.000Z,1617.68,1617.9,1532.48,1552.08,2582.91319395
2023-09-12T00:00:00.000Z,1552.09,1622.27,1549.69,1592.74,1627.5322143
2023-09-13T00:00:00.000Z,1590.73,1618.19,1583.29,1606.75,663.8044452
2023-09-14T00:00:00.000Z,1606.82,1643.62,1606.82,1626.73,1163.51057499
2023-09-15T00:00:00.000Z,1626.35,1652.13,1612.36,1641.39,596.88004421
2023-09-16T00:00:00.000Z,1641.47,1651.16,1631.89,1634.56,201.41834489
2023-09-17T00:00:00.000Z,1633.9,1634.57,1612.69,1622.33,654.06758872
2023-09-18T00:00:00.000Z,1622.79,1668.62,1606.06,1637.04,1837.88570466
2023-09-19T00:00:00.000Z,1637.01,1659.53,1626.9,1643.28,2958.07022606
2023-09-20T00:00:00.000Z,1643.67,1648,1606.6,1622.07,2564.74268858
2023-09-21T00:00:00.000Z,1622.11,1624.9,1569.53,1584.5,1661.35367498
2023-09-22T00:00:00.000Z,1585.4,1602,1579.02,1594.3,604.56221194
2023-09-23T00:00:00.000Z,1594.3,1597.74,1588.67,1593.82,202.74128623
2023-09-24T00:00:00.000Z,1593.63,1599.96,1570.05,1580.62,352.02022256
2023-09-25T00:00:00.000Z,1580.35,1596.36,1564.67,1588.64,1194.13089654
2023-09-26T00:00:00.000Z,1588.23,1598,1582.11,1594.94,762.42225433
2023-09-27T00:00:00.000Z,1595.37,1632.76,1585.36,1598.46,2899.6343919
2023-09-28T00:00:00.000Z,1597.9,1666.99,1597.89,1652.87,1654.06009478
2023-09-29T00:00:00.000Z,1653.89,1687.55,1649.03,1667.89,1363.76222659
2023-09-30T00:00:00.000Z,1667.55,1692.66,1666.73,1671.09,1151.30130771
2023-10-01T00:00:00.000Z,1670.79,1754.32,1670.36,1732.79,1294.5563668
2023-10-02T00:00:00.000Z,1734.46,1742.24,1638.09,1663.62,2010.39778727
2023-10-03T00:00:00.000Z,1663.62,1669.55,1644.81,1656.26,1681.99826033
2023-10-04T00:00:00.000Z,1657.71,1657.71,1624.81,1648.12,629.40620683
2023-10-05T00:00:00.000Z,1647.82,1649.81,1607.77,1611.07,871.7433383
2023-10-06T00:00:00.000Z,1613.09,1660.99,1613.09,1644.94,592.98538144
2023-10-07T00:00:00.000Z,1645.83,1647.65,1630.45,1633.8,262.71355242
2023-10-08T00:00:00.000Z,1634.44,1639.68,1617.02,1632.69,413.06074669
2023-10-09T00:00:00.000Z,1632.81,1634.66,1549.21,1579.52,2326.79622323
2023-10-10T00:00:00.000Z,1580.43,1593.97,1552,1568,815.48167434
2023-10-11T00:00:00.000Z,1568.94,1578.27,1545.35,1566.1,1149.87756212
2023-10-12T00:00:00.000Z,1566.74,1566.74,1522,1540.14,1027.66902173
2023-10-13T00:00:00.000Z,1539.94,1573.46,1538.36,1552.24,1288.11198853
2023-10-14T00:00:00.000Z,1552.43,1560.42,1545.38,1555.11,423.72468108
2023-10-15T00:00:00.000Z,1554.88,1565.65,1550.01,1556.71,201.98722952
2023-10-16T00:00:00.000Z,1558.38,1638,1555.42,1600.44,2539.00611767
2023-10-17T00:00:00.000Z,1600.02,1600.02,1552.83,1564.51,1285.8546868
2023-10-18T00:00:00.000Z,1565.46,1584.74,1556.4,1563.35,2891.60523681
2023-10-19T00:00:00.000Z,1563.43,1573.36,1543.38,1567.01,1160.23049681
2023-10-20T00:00:00.000Z,1567.01,1628.85,1562.51,1604.06,8713.85820862
2023-10-21T00:00:00.000Z,1604.26,1642.53,1592.82,1628.08,611.89312457
2023-10-22T00:00:00.000Z,1626.82,1667.43,1622.36,1662.24,997.33798128
2023-10-23T00:00:00.000Z,1663.72,1799,1660.55,1764.74,3200.76682597
2023-10-24T00:00:00.000Z,1766.05,1853.94,1757.75,1783.54,4107.2501001
2023-10-25T00:00:00.000Z,1784.5,1816.48,1760.89,1786.2,1169.85033375
2023-10-26T00:00:00.000Z,1787.7,1864.48,1763.44,1803.23,1952.96348443
2023-10-27T00:00:00.000Z,1802.63,1802.63,1723.66,1780.21,1811.02249342
2023-10-28T00:00:00.000Z,1781.13,1802.32,1771.59,1775.98,352.90016531
2023-10-29T00:00:00.000Z,1775.2,1809.37,1763.76,1795.46,543.58512489
2023-10-30T00:00:00.000Z,1795.36,1828.9,1778.89,1809.28,1426.81202906
2023-10-31T00:00:00.000Z,1809.38,1817.88,1782.31,1815.79,1204.42995442
2023-11-01T00:00:00.000Z,1814.6,1856.21,1784.6,1845.8,1355.25509772
2023-11-02T00:00:00.000Z,1848.89,1873.55,1785.53,1800.22,1764.76819834
2023-11-03T00:00:00.000Z,1800.43,1834.22,1777.88,1831.45,1753.25575021
2023-11-04T00:00:00.000Z,1830,1868,1825.88,1856.07,859.66673848
2023-11-05T00:00:00.000Z,1857.15,1912,1846.56,1891.89,2409.815852
2023-11-06T00:00:00.000Z,1891.63,1913.4,1782,1899.85,2463.16198746
2023-11-07T00:00:00.000Z,1901.45,1906.2,1851.68,1887.22,1865.40184531
2023-11-08T00:00:00.000Z,1885.64,1904.37,1874.18,1890.67,2236.61669946
2023-11-09T00:00:00.000Z,1888.59,2130,1883.37,2119.24,5375.75050474
2023-11-10T00:00:00.000Z,2120.47,2134.84,2066.78,2078.38,3123.7988976
2023-11-11T00:00:00.000Z,2077.17,2096.47,2028,2053.19,4072.03914823
2023-11-12T00:00:00.000Z,2054.02,2065.39,2012.91,2044.81,912.42755363
2023-11-13T00:00:00.000Z,2043.92,2116.11,2029.35,2053.11,4194.89346414
2023-11-14T00:00:00.000Z,2057.01,2064.32,1938,1979.1,3000.16920128
2023-11-15T00:00:00.000Z,1979.93,2060.38,1967.97,2059.78,3125.12253924
2023-11-16T00:00:00.000Z,2056.48,2089.47,1935.41,1960.79,4483.6525837
2023-11-17T00:00:00.000Z,1960.73,1990.46,1907.42,1956.53,3372.63757066
2023-11-18T00:00:00.000Z,1960.66,1971.57,1918.6,1960.94,913.19176874
2023-11-19T00:00:00.000Z,1962.13,2015,1944.88,2011.11,869.78208738
2023-11-20T00:00:00.000Z,2012.57,2064.63,1977.8,2021.11,3461.85830899
2023-11-21T00:00:00.000Z,2021.24,2034.19,1932,1934.4,1955.51814798
2023-11-22T00:00:00.000Z,1934.4,2096.68,1931.35,2063.16,2327.44930529
2023-11-23T00:00:00.000Z,2063.75,2087.9,2040.6,2062.28,1364.60157889
2023-11-24T00:00:00.000Z,2062.23,2132.08,2061.08,2079.85,1476.84281068
2023-11-25T00:00:00.000Z,2080,2090.11,2066.97,2084.3,374.78159439
2023-11-26T00:00:00.000Z,2081.32,2093,2037.59,2062.98,1241.90628152
2023-11-27T00:00:00.000Z,2061.21,2068.69,1987.36,2028.36,1798.44267014
2023-11-28T00:00:00.000Z,2027.45,2074,1997.38,2048.55,3029.06220095
2023-11-29T00:00:00.000Z,2047.16,2073.05,2020,2028.01,1043.86822939
2023-11-30T00:00:00.000Z,2028.35,2053,2024,2052.26,791.27745094
2023-12-01T00:00:00.000Z,2050.54,2108.39,2046.15,2084.5,2641.04477824
2023-12-02T00:00:00.000Z,2087.62,2183.81,2087.56,2165.29,2566.38837008
2023-12-03T00:00:00.000Z,2163.18,2215.83,2152.02,2193.28,1389.81876296
2023-12-04T00:00:00.000Z,2193.08,2275.8,1991.16,2242.89,7443.8853514
2023-12-05T00:00:00.000Z,2242.75,2305.79,2190,2292.89,2131.27036812
2023-12-06T00:00:00.000Z,2293.3,2311.03,2221.57,2233.73,2205.78887376
2023-12-07T00:00:00.000Z,2234.47,2381.21,2222.63,2355.68,3486.7214839
2023-12-08T00:00:00.000Z,2358.03,2390.13,2339.63,2358.43,1853.97027367
2023-12-09T00:00:00.000Z,2358.43,2451.44,2320.17,2339.07,3922.87098487
2023-12-10T00:00:00.000Z,2339.75,2376.92,2323.58,2353,641.95073933
2023-12-11T00:00:00.000Z,2352.01,2354.69,2147.53,2225.26,3816.48831278
2023-12-12T00:00:00.000Z,2224.63,2241.92,2166.95,2202.53,1151.67217176
2023-12-13T00:00:00.000Z,2200.9,2281.94,2146.96,2260.13,1782.76340121
2023-12-14T00:00:00.000Z,2262.13,2330.52,2222,2317.02,2171.39418623
2023-12-15T00:00:00.000Z,2314.37,2316.91,2200,2219.76,3072.32612217
2023-12-16T00:00:00.000Z,2220.23,2262.63,2213.11,2229.02,617.88143636
2023-12-17T00:00:00.000Z,2229.96,2247.6,2194.09,2196.47,687.35920243
2023-12-18T00:00:00.000Z,2196.76,2222.31,2117.5,2219.3,2950.89568454
2023-12-19T00:00:00.000Z,2216.64,2254.24,2137.86,2177.98,3048.86475306
2023-12-20T00:00:00.000Z,2177.72,2265.32,2156.49,2201.1,5225.99473703
2023-12-21T00:00:00.000Z,2201.1,2277.12,2184.71,2238.29,2073.88888802
2023-12-22T00:00:00.000Z,2238.29,2340.62,2233,2324.07,3541.2829171
2023-12-23T00:00:00.000Z,2325.28,2330.36,2266.74,2308.01,1052.5259375
2023-12-24T00:00:00.000Z,2309.28,2324.13,2245.34,2263.75,1184.24192928
2023-12-25T00:00:00.000Z,2263.88,2303.71,2254.4,2273.53,722.37199914
2023-12-26T00:00:00.000Z,2272.07,2274.24,2180.89,2231.16,2246.48300578
2023-12-27T00:00:00.000Z,2231.16,2395,2214.89,2378.28,3357.71349629
2023-12-28T00:00:00.000Z,2378.28,2443.53,2337.45,2345.08,2985.23439026
2023-12-29T00:00:00.000Z,2344.43,2383.08,2258.56,2299.01,2121.5876504
2023-12-30T00:00:00.000Z,2298.8,2320.17,2268.77,2292.97,455.08867361
2023-12-31T00:00:00.000Z,2291.8,2318.82,2260.7,2281.8,1007.88462957
2024-01-01T00:00:00.000Z,2282,2349.78,2267.01,2349.78,655.95682763
2024-01-02T00:00:00.000Z,2349.9,2429.09,2343.75,2355.6,2874.1389293
2024-01-03T00:00:00.000Z,2355.23,2402.07,2100,2210.58,7294.90950133
2024-01-04T00:00:00.000Z,2209.86,2292.43,2204.03,2267,3042.86843272
2024-01-05T00:00:00.000Z,2267,2274.45,2207.22,2267.56,1528.65355643
2024-01-06T00:00:00.000Z,2268.11,2268.11,2218.58,2239.99,771.26100028
2024-01-07T00:00:00.000Z,2239.99,2255.59,2207.34,2221.68,664.68559011
2024-01-08T00:00:00.000Z,2221.32,2357.27,2168.02,2330.86,2536.38894352
2024-01-09T00:00:00.000Z,2330.85,2369.98,2187.36,2345.19,3310.52115703
2024-01-10T00:00:00.000Z,2345.2,2643.25,2343.41,2582.05,5781.71241379
2024-01-11T00:00:00.000Z,2583.88,2688,2567.63,2617.5,4990.43944877
2024-01-12T00:00:00.000Z,2620.67,2716.59,2458.21,2525.07,3865.27039649
2024-01-13T00:00:00.000Z,2522.92,2602.21,2497.34,2578.43,1981.74715438
2024-01-14T00:00:00.000Z,2577.05,2577.05,2470.32,2472,1361.15796055
2024-01-15T00:00:00.000Z,2474.13,2552.19,2471.87,2513.73,2687.78895349
2024-01-16T00:00:00.000Z,2513.5,2611.26,2500.62,2587.53,3199.23053006
2024-01-17T00:00:00.000Z,2588.1,2592.6,2510,2526.01,1532.66623984
2024-01-18T00:00:00.000Z,2529.53,2547.77,2431.05,2470.59,2568.94138643
2024-01-19T00:00:00.000Z,2467.93,2503.42,2417,2490.84,1675.69526097
2024-01-20T00:00:00.000Z,2490.56,2490.56,2462.06,2468.62,727.44985491
2024-01-21T00:00:00.000Z,2470.37,2481.08,2453.9,2457.87,275.16893071
2024-01-22T00:00:00.000Z,2457.02,2465.26,2306.52,2313.28,1909.17783847
2024-01-23T00:00:00.000Z,2313.02,2350.33,2169.12,2244.63,2083.24624198
2024-01-24T00:00:00.000Z,2240.99,2262.9,2196.31,2237.83,1844.64490821
2024-01-25T00:00:00.000Z,2234.33,2240.08,2173.14,2218.21,1028.41469507
2024-01-26T00:00:00.000Z,2217.98,2281.6,2197.67,2267.76,1127.15847354
2024-01-27T00:00:00.000Z,2269.42,2281.78,2252.97,2268.39,392.31691056
2024-01-28T00:00:00.000Z,2265.76,2306.39,2241.46,2256.93,510.63236493
2024-01-29T00:00:00.000Z,2256.93,2322.78,2233.88,2315.11,842.440326
2024-01-30T00:00:00.000Z,2318.05,2389.99,2297.97,2342.95,1755.49882988
2024-01-31T00:00:00.000Z,2346.88,2349.14,2263.42,2287.22,1336.41940483
2024-02-01T00:00:00.000Z,2282.79,2310,2239.81,2303.87,1546.3991894
2024-02-02T00:00:00.000Z,2304.78,2323.23,2283.48,2307.8,1062.72138292
2024-02-03T00:00:00.000Z,2306.71,2328.06,2294.29,2295.99,649.3393507
2024-02-04T00:00:00.000Z,2296.62,2310.51,2267.59,2290,719.4879698
2024-02-05T00:00:00.000Z,2289.71,2335.46,2273.19,2301.59,1070.98930814
2024-02-06T00:00:00.000Z,2301.69,2390,2299.06,2372.72,1627.2760771
2024-02-07T00:00:00.000Z,2372.7,2443,2356,2424.22,4396.38314216
2024-02-08T00:00:00.000Z,2426.09,2460.86,2412.1,2419.49,2282.71751414
2024-02-09T00:00:00.000Z,2420.85,2522.12,2418.82,2486.07,4427.36119551
2024-02-10T00:00:00.000Z,2489.6,2515.6,2474.33,2500.22,1548.1350034
2024-02-11T00:00:00.000Z,2500.13,2537.14,2492.1,2506.44,1230.98645023
2024-02-12T00:00:00.000Z,2507.22,2664.85,2472.57,2658.55,4375.52930752
2024-02-13T00:00:00.000Z,2661.52,2685.18,2585.06,2639.96,2831.58960656
2024-02-14T00:00:00.000Z,2639.35,2785,2621.58,2775.4,3355.56477377
2024-02-15T00:00:00.000Z,2774.86,2865,2761.59,2820.56,3285.68137649
2024-02-16T00:00:00.000Z,2821.68,2855,2731,2804.2,2042.73345158
2024-02-17T00:00:00.000Z,2799.05,2803.12,2716.37,2785.69,2109.15135881
2024-02-18T00:00:00.000Z,2786.6,2894.16,2766.75,2875.76,3418.53594109
2024-02-19T00:00:00.000Z,2879.67,2983.83,2859.66,2942.03,3314.3034556
2024-02-20T00:00:00.000Z,2944.98,3031.72,2876.64,3015,2824.8915929
2024-02-21T00:00:00.000Z,3015,3016.19,2871.46,2970.93,2383.43732404
2024-02-22T00:00:00.000Z,2966.97,3035.78,2907.49,2970,2480.76620848
2024-02-23T00:00:00.000Z,2971.19,2991.91,2909.25,2922.61,1411.37159602
2024-02-24T00:00:00.000Z,2923.05,3004.99,2907.44,2992.85,1016.74584827
2024-02-25T00:00:00.000Z,2993.88,3118.82,2985.6,3115,1635.81758283
2024-02-26T00:00:00.000Z,3112.54,3195.03,3039.14,3177.17,3672.38569685
2024-02-27T00:00:00.000Z,3176.64,3286.38,3166.52,3242.18,3993.60876633
2024-02-28T00:00:00.000Z,3244.61,3485.83,3050.01,3382.25,8452.38043415
2024-02-29T00:00:00.000Z,3382.24,3520,3300,3342,7464.56687831
2024-03-01T00:00:00.000Z,3339.39,3449.56,3339.23,3433.17,2791.95836799
2024-03-02T00:00:00.000Z,3433.91,3458.75,3395.5,3420.78,1835.36942484
2024-03-03T00:00:00.000Z,3419.94,3493.94,3361.84,3487.85,2812.97754811
2024-03-04T00:00:00.000Z,3489.03,3639.8,3434.14,3626.36,4226.71389131
2024-03-05T00:00:00.000Z,3627.7,3820,3195.44,3555.25,10001.10595461
2024-03-06T00:00:00.000Z,3555.01,3900,3501.81,3815.27,6154.658049
2024-03-07T00:00:00.000Z,3822.03,3931.55,3737.73,3870.21,2777.87323683
2024-03-08T00:00:00.000Z,3872.8,3990.99,3817.94,3883,3568.33966616
2024-03-09T00:00:00.000Z,3883,3941.49,3873.31,3907.25,986.24859677
2024-03-10T00:00:00.000Z,3909.06,3963.51,3788.42,3879.72,1418.23999086
2024-03-11T00:00:00.000Z,3879.72,4080,3732.8,4065.36,4870.50463553
2024-03-12T00:00:00.000Z,4067.96,4088.48,3830,3979.53,4854.54987904
2024-03-13T00:00:00.000Z,3981.82,4080,3935.52,4004.72,4812.99901742
2024-03-14T00:00:00.000Z,4003.74,4009,3726.1,3884.5,3868.33319148
2024-03-15T00:00:00.000Z,3881.37,3929.99,3570.28,3740.78,5733.2341831
2024-03-16T00:00:00.000Z,3742.88,3777.48,3468.52,3523.12,2069.48702554
2024-03-17T00:00:00.000Z,3522.4,3677.02,3414.55,3643.76,3436.74361087
2024-03-18T00:00:00.000Z,3641.23,3641.44,3456.49,3519.11,1612.57062245
2024-03-19T00:00:00.000Z,3520.29,3543.39,3151,3158.52,5811.01421863
2024-03-20T00:00:00.000Z,3158.63,3533.48,3059.4,3510.29,9561.10585013
2024-03-21T00:00:00.000Z,3516.42,3583.94,3415,3494.18,2616.50044816
2024-03-22T00:00:00.000Z,3493.9,3540,3253.09,3332.19,2758.31995418
2024-03-23T00:00:00.000Z,3329.65,3430.81,3273.3,3336.46,780.84827804
2024-03-24T00:00:00.000Z,3330.8,3469,3300,3453.97,1378.71199142
2024-03-25T00:00:00.000Z,3457.15,3658.13,3422.62,3590.7,2482.81557777
2024-03-26T00:00:00.000Z,3591,3677.38,3546.1,3590.4,2135.03243198
2024-03-27T00:00:00.000Z,3587.03,3662.26,3462.44,3500.6,3272.53824868
2024-03-28T00:00:00.000Z,3497.14,3608.58,3466.68,3561.48,1460.34961419
2024-03-29T00:00:00.000Z,3560.37,3582.09,3472.8,3509.42,1252.49031122
2024-03-30T00:00:00.000Z,3511.93,3562.9,3487.83,3505.68,622.53240064
2024-03-31T00:00:00.000Z,3506.34,3652.15,3505.57,3643.9,1115.43397399
2024-04-01T00:00:00.000Z,3645.06,3645.06,3417.56,3502.97,2323.07949087
2024-04-02T00:00:00.000Z,3504,3505.15,3214.72,3273.83,3260.536306
2024-04-03T00:00:00.000Z,3276.77,3364.46,3205,3312.74,2376.39466874
2024-04-04T00:00:00.000Z,3310.13,3440.37,3253.1,3328.8,2012.85559323
2024-04-05T00:00:00.000Z,3325.91,3344.99,3211,3317.95,1458.44059863
2024-04-06T00:00:00.000Z,3315.01,3397,3308.07,3355.15,356.74193747
2024-04-07T00:00:00.000Z,3354.65,3457.87,3345.83,3452.81,492.15165027
2024-04-08T00:00:00.000Z,3455.36,3728.31,3409.69,3694.18,3304.53012589
2024-04-09T00:00:00.000Z,3696.22,3725,3457,3506.06,1951.94703319
2024-04-10T00:00:00.000Z,3504.04,3559.62,3416.18,3544.54,1078.38579033
2024-04-11T00:00:00.000Z,3539.67,3615.12,3477.79,3505.43,2293.36643251
2024-04-12T00:00:00.000Z,3504.82,3550.35,3095.02,3240,2963.08122165
2024-04-13T00:00:00.000Z,3236.34,3300,2835,3006.71,5258.4050389
2024-04-14T00:00:00.000Z,3001.62,3170.9,2909.33,3152.75,1463.23046646
2024-04-15T00:00:00.000Z,3148.36,3275.19,3027,3101,1959.68140717
2024-04-16T00:00:00.000Z,3096.94,3125.48,2987.99,3081.54,4018.44610655
2024-04-17T00:00:00.000Z,3083.66,3120,2915.52,2986.02,1993.16870998
2024-04-18T00:00:00.000Z,2985.06,3091.62,2955.01,3062.9,2176.78180221
2024-04-19T00:00:00.000Z,3057.17,3123.92,2866.86,3058.36,3733.20048071
2024-04-20T00:00:00.000Z,3056.78,3167.8,3022,3155.58,1050.83510915
2024-04-21T00:00:00.000Z,3155.36,3196.27,3117.88,3146.52,1318.29218555
2024-04-22T00:00:00.000Z,3146.74,3232.92,3128.76,3199.72,1082.77779495
2024-04-23T00:00:00.000Z,3198.01,3261.61,3153.47,3218.87,1156.21210257
2024-04-24T00:00:00.000Z,3220.62,3291.51,3100.01,3140.45,1036.27240165
2024-04-25T00:00:00.000Z,3139.54,3189.73,3073.19,3157.11,971.815942
2024-04-26T00:00:00.000Z,3155.85,3165.65,3104.34,3130.41,1037.84539611
2024-04-27T00:00:00.000Z,3132.27,3280.81,3071.74,3256.29,817.10149604
2024-04-28T00:00:00.000Z,3255.51,3352.01,3250.94,3262.8,916.07758596
2024-04-29T00:00:00.000Z,3266.67,3286.1,3120,3215.05,778.1039066
2024-04-30T00:00:00.000Z,3212.36,3250,2924,3014.45,2047.3075148
2024-05-01T00:00:00.000Z,3017.41,3023.02,2818.59,2976.74,2253.66755376
2024-05-02T00:00:00.000Z,2974.58,3013.84,2896.43,2989.19,1071.31863832
2024-05-03T00:00:00.000Z,2988.99,3125,2960.96,3100.06,1043.9636713
2024-05-04T00:00:00.000Z,3101.38,3164.93,3097.24,3116.6,731.16915458
2024-05-05T00:00:00.000Z,3115.31,3168.32,3075.99,3135.65,584.27758355
2024-05-06T00:00:00.000Z,3137.17,3217.87,3047.55,3061.79,1560.39717472
2024-05-07T00:00:00.000Z,3064.9,3126.82,3003,3004.62,900.10350206
2024-05-08T00:00:00.000Z,3005.18,3036.46,2938.6,2974.85,966.6567929
2024-05-09T00:00:00.000Z,2976.01,3056.92,2954.28,3036.1,359.11922455
2024-05-10T00:00:00.000Z,3030.25,3052.49,2881.47,2909.69,1078.77080784
2024-05-11T00:00:00.000Z,2909.62,2942.38,2889.62,2912.14,411.9816955
2024-05-12T00:00:00.000Z,2913.92,2952.65,2903.71,2930.15,265.01291115
2024-05-13T00:00:00.000Z,2929.18,2992.51,2866.86,2949.59,1144.91846756
2024-05-14T00:00:00.000Z,2949.6,2959.97,2851,2881.82,6259.7216626
2024-05-15T00:00:00.000Z,2885.73,3038.17,2863.62,3037.67,2273.8202265
2024-05-16T00:00:00.000Z,3032.06,3039.02,2923.14,2945.53,1663.6121476
2024-05-17T00:00:00.000Z,2944.81,3117.75,2933.53,3092,1247.48976934
2024-05-18T00:00:00.000Z,3091.93,3143.44,3086.45,3121.73,866.49305103
2024-05-19T00:00:00.000Z,3123.7,3135.27,3056.77,3072.11,554.63239607
2024-05-20T00:00:00.000Z,3071.13,3689,3048.44,3660.5,4460.95161348
2024-05-21T00:00:00.000Z,3671.84,3839,3627.36,3789.89,6488.86558599
2024-05-22T00:00:00.000Z,3789.91,3809.42,3652,3739.52,2528.38893063
2024-05-23T00:00:00.000Z,3738.16,3945.15,3534.1,3784.39,7185.16087979
2024-05-24T00:00:00.000Z,3784.38,3825.04,3631.52,3727.04,1694.37045405
2024-05-25T00:00:00.000Z,3727.28,3777.52,3710.26,3749.48,742.92676844
2024-05-26T00:00:00.000Z,3748.23,3880.91,3700,3828.46,2691.40170409
2024-05-27T00:00:00.000Z,3824.76,3973.79,3824.76,3897.68,2004.37024246
2024-05-28T00:00:00.000Z,3894.05,3927.38,3775.17,3844.89,1491.89073419
2024-05-29T00:00:00.000Z,3846.37,3884.6,3745.24,3769.21,1365.34867012
2024-05-30T00:00:00.000Z,3766.83,3821,3701.48,3748.6,1415.92535859
2024-05-31T00:00:00.000Z,3748.54,3845.33,3725.2,3765.42,1688.3006108
2024-06-01T00:00:00.000Z,3765.07,3832.18,3753.6,3814.84,371.66429435
2024-06-02T00:00:00.000Z,3815.73,3837.4,3753.12,3783.1,456.00710406
2024-06-03T00:00:00.000Z,3780.9,3848.95,3760.71,3766.87,795.08591889
2024-06-04T00:00:00.000Z,3765.68,3831.26,3730.28,3811.74,1238.19935311
2024-06-05T00:00:00.000Z,3811.33,3886.55,3769.27,3863.83,1276.63717585
2024-06-06T00:00:00.000Z,3865.43,3876.41,3762.96,3813.02,763.55516275
2024-06-07T00:00:00.000Z,3813.18,3839.63,3580.57,3679.72,3516.34439311
2024-06-08T00:00:00.000Z,3676.7,3708.02,3664.3,3682.52,563.3593573
2024-06-09T00:00:00.000Z,3680.61,3720.56,3668.95,3705.72,1684.22197492
2024-06-10T00:00:00.000Z,3703.67,3712.24,3646.5,3668.65,759.37000402
2024-06-11T00:00:00.000Z,3667.72,3671.02,3432.53,3498.6,2859.61364512
2024-06-12T00:00:00.000Z,3499.8,3654.83,3465.78,3561.23,2196.04326354
2024-06-13T00:00:00.000Z,3561.23,3561.23,3430.38,3468.01,1678.04538981
2024-06-14T00:00:00.000Z,3468.01,3530.64,3365.54,3480.71,2838.61718451
2024-06-15T00:00:00.000Z,3480.77,3592.3,3474.76,3568.88,1550.7437703
2024-06-16T00:00:00.000Z,3568.53,3651.57,3546.81,3625.1,784.93426843
2024-06-17T00:00:00.000Z,3626,3636.15,3467.59,3512.48,1125.92265809
2024-06-18T00:00:00.000Z,3511.42,3514.9,3351.77,3483.33,1923.78702124
2024-06-19T00:00:00.000Z,3481.57,3585.84,3467.17,3560.32,1510.55466163
2024-06-20T00:00:00.000Z,3558.14,3623.13,3486,3514.1,1725.01053397
2024-06-21T00:00:00.000Z,3513.33,3545.34,3447.9,3517.9,1828.09977449
2024-06-22T00:00:00.000Z,3517.91,3520.13,3476.32,3496.01,432.72028738
2024-06-23T00:00:00.000Z,3496.41,3519.6,3410.33,3420.22,634.83313561
2024-06-24T00:00:00.000Z,3421.58,3432.21,3230.76,3352.42,2107.91952255
2024-06-25T00:00:00.000Z,3352.95,3427.76,3339.1,3395.68,1162.3173915
2024-06-26T00:00:00.000Z,3397.84,3419.38,3328.54,3370.75,1192.72113877
2024-06-27T00:00:00.000Z,3370.87,3474.29,3365.44,3448.65,1711.00566154
2024-06-28T00:00:00.000Z,3448.05,3485.39,3367.46,3380.56,1183.41842683
2024-06-29T00:00:00.000Z,3380.74,3405.1,3374.41,3378.9,383.24783749
2024-06-30T00:00:00.000Z,3380.48,3457.09,3356.56,3439.13,296.35142851
2024-07-01T00:00:00.000Z,3439.77,3521.37,3427.76,3441.98,1564.60787772
2024-07-02T00:00:00.000Z,3444.14,3463.84,3404.21,3422.66,740.04904888
2024-07-03T00:00:00.000Z,3422.66,3431.49,3254.57,3296.32,1778.55021001
2024-07-04T00:00:00.000Z,3296.32,3310.89,3052.03,3055.98,1445.47254806
2024-07-05T00:00:00.000Z,3060.31,3106.82,2811.97,2984.57,3430.42120546
2024-07-06T00:00:00.000Z,2980.85,3081.51,2956.55,3066.12,501.66845591
2024-07-07T00:00:00.000Z,3066.18,3072.44,2925,2934.01,499.27465195
2024-07-08T00:00:00.000Z,2937.93,3095.22,2824.47,3019.8,1625.66883699
2024-07-09T00:00:00.000Z,3019.78,3111.95,3006.33,3064.81,787.88459678
2024-07-10T00:00:00.000Z,3065.79,3149.97,3025.62,3102.39,1224.54372556
2024-07-11T00:00:00.000Z,3096.68,3211.89,3057.51,3100.67,1326.16678957
2024-07-12T00:00:00.000Z,3101.55,3153.69,3048.52,3129.64,961.53917916
2024-07-13T00:00:00.000Z,3133.1,3199.99,3113.64,3174.56,539.95761066
2024-07-14T00:00:00.000Z,3176.63,3265.54,3167.54,3242.38,614.21620871
2024-07-15T00:00:00.000Z,3246.66,3492.36,3235.23,3488.92,1999.77263708
2024-07-16T00:00:00.000Z,3493.97,3497.12,3349.32,3444.54,1051.84893482
2024-07-17T00:00:00.000Z,3445.48,3515,3380,3388.28,1024.09146045
2024-07-18T00:00:00.000Z,3392.3,3487.12,3370.6,3428.91,1196.01784683
2024-07-19T00:00:00.000Z,3428.91,3537.71,3380.01,3504.38,1253.02320452
2024-07-20T00:00:00.000Z,3504.63,3535.87,3480.79,3519.58,775.58087323
2024-07-21T00:00:00.000Z,3520,3544.63,3413.78,3535.93,1072.63250923
2024-07-22T00:00:00.000Z,3537.71,3559.55,3418.48,3440.11,1833.66409621
2024-07-23T00:00:00.000Z,3436.4,3538.18,3393.07,3483.22,2515.26919306
2024-07-24T00:00:00.000Z,3481.69,3487.17,3301.67,3335.5,935.69997309
2024-07-25T00:00:00.000Z,3336.2,3341.58,3090,3175.45,1815.18647855
2024-07-26T00:00:00.000Z,3172.92,3284.86,3172.76,3276.33,1756.79285017
2024-07-27T00:00:00.000Z,3273.26,3326.06,3192.92,3249.77,785.85907709
2024-07-28T00:00:00.000Z,3246.81,3281.24,3201.81,3273.46,272.70060277
2024-07-29T00:00:00.000Z,3268.43,3397.01,3260.68,3320.35,1400.93850475
2024-07-30T00:00:00.000Z,3317.53,3363.3,3233.76,3279.06,671.69497329
2024-07-31T00:00:00.000Z,3279.1,3347.14,3216.56,3234.38,1250.97291768
2024-08-01T00:00:00.000Z,3232.68,3242.87,3083.47,3205.84,1163.99204486
2024-08-02T00:00:00.000Z,3201.95,3213.35,2968.32,2989.61,1451.54386782
2024-08-03T00:00:00.000Z,2986.3,3014.96,2862.46,2906.93,2214.16737115
2024-08-04T00:00:00.000Z,2903.45,2931.8,2630,2686.88,3451.43455254
2024-08-05T00:00:00.000Z,2688.47,2697,2100,2418.07,16889.19130612
2024-08-06T00:00:00.000Z,2416.1,2556.36,2416.1,2461.57,2398.21032144
2024-08-07T00:00:00.000Z,2460.27,2550,2310.9,2339.42,2536.46339828
2024-08-08T00:00:00.000Z,2340.98,2722.18,2327.19,2681.28,2934.49539275
2024-08-09T00:00:00.000Z,2683.79,2703.44,2554.5,2598.15,1627.8346883
2024-08-10T00:00:00.000Z,2595.52,2642.3,2580.07,2608.09,405.35132416
2024-08-11T00:00:00.000Z,2608.29,2719.67,2541.79,2552.65,1243.7981636
2024-08-12T00:00:00.000Z,2552.89,2747.66,2510.57,2724.58,3039.76876682
2024-08-13T00:00:00.000Z,2722.15,2736.21,2612.54,2700.18,1634.39278007
2024-08-14T00:00:00.000Z,2702.6,2778.18,2633.05,2664.12,1375.43251777
2024-08-15T00:00:00.000Z,2663.84,2673.19,2516.83,2569.31,1908.56554167
2024-08-16T00:00:00.000Z,2569.97,2627.67,2551.82,2592.25,1532.81175798
2024-08-17T00:00:00.000Z,2589.98,2625,2588.22,2613.18,532.38174225
2024-08-18T00:00:00.000Z,2614.22,2685.92,2596.07,2612.67,507.98639604
2024-08-19T00:00:00.000Z,2612.18,2646.92,2566.23,2635.66,1393.41568636
2024-08-20T00:00:00.000Z,2637.74,2692.83,2554.47,2572.96,2044.41238362
2024-08-21T00:00:00.000Z,2573.68,2661.99,2538.01,2626.4,1273.55320036
2024-08-22T00:00:00.000Z,2630.32,2643.42,2585.78,2622.4,829.11118072
2024-08-23T00:00:00.000Z,2622.78,2797.72,2622.12,2763.5,1840.43862276
2024-08-24T00:00:00.000Z,2763.3,2818.1,2734.37,2767.75,1078.29154793
2024-08-25T00:00:00.000Z,2768.33,2791.35,2734.75,2747.66,440.46757829
2024-08-26T00:00:00.000Z,2750.62,2761.09,2668.58,2680.78,1148.72095721
2024-08-27T00:00:00.000Z,2685.74,2699.09,2390.79,2458.46,2286.7937942
2024-08-28T00:00:00.000Z,2455.43,2550.71,2422.04,2528.31,1517.80543858
2024-08-29T00:00:00.000Z,2528.3,2595.85,2508.87,2526.02,638.87562271
2024-08-30T00:00:00.000Z,2526.17,2549.87,2434.93,2526.06,2112.90635457
2024-08-31T00:00:00.000Z,2530,2531.58,2495,2513.66,366.41698235
2024-09-01T00:00:00.000Z,2512.48,2512.91,2401.89,2428.54,958.00025061
2024-09-02T00:00:00.000Z,2425.66,2563.2,2425.66,2538.15,743.60934491
2024-09-03T00:00:00.000Z,2538.24,2552.61,2414.47,2420.18,1375.10613721
2024-09-04T00:00:00.000Z,2425.91,2488.42,2308.47,2447.46,1623.94180725
2024-09-05T00:00:00.000Z,2450.59,2466.1,2350,2370.28,1392.16948835
2024-09-06T00:00:00.000Z,2370.84,2406.62,2152.73,2224.61,4793.16775389
2024-09-07T00:00:00.000Z,2224.58,2309.52,2224.58,2274.72,821.30786436
2024-09-08T00:00:00.000Z,2274.31,2331.06,2243.4,2295.14,1086.40246493
2024-09-09T00:00:00.000Z,2297,2380.46,2273.62,2356.41,1690.9686278
2024-09-10T00:00:00.000Z,2355.81,2398.2,2321.26,2390.16,1069.37363278
2024-09-11T00:00:00.000Z,2388.17,2389.25,2277.89,2341.26,1429.32617838
2024-09-12T00:00:00.000Z,2341.07,2389.55,2315.04,2361.14,1123.13443696
2024-09-13T00:00:00.000Z,2360.98,2462.34,2337.24,2439.66,2390.030411
2024-09-14T00:00:00.000Z,2439.67,2440.58,2379.07,2417.8,867.69150124
2024-09-15T00:00:00.000Z,2418.44,2430.03,2287.57,2320.3,1419.84667923
2024-09-16T00:00:00.000Z,2314.31,2333,2254.99,2295.33,1718.60721798
2024-09-17T00:00:00.000Z,2294.46,2392.14,2265,2341.17,1381.49730783
2024-09-18T00:00:00.000Z,2341.31,2374,2278.5,2373.99,956.67464983
2024-09-19T00:00:00.000Z,2374,2492.39,2373.03,2464,2629.66840955
2024-09-20T00:00:00.000Z,2464,2572.07,2438.78,2560.62,2601.9596362
2024-09-21T00:00:00.000Z,2560.62,2620,2530.64,2616.26,1326.62104462
2024-09-22T00:00:00.000Z,2613.67,2632.16,2527.27,2581.4,671.0419223
2024-09-23T00:00:00.000Z,2581.38,2701.84,2542.4,2649.33,2878.70276836
2024-09-24T00:00:00.000Z,2647.63,2669.67,2593.66,2654.96,2001.51017352
2024-09-25T00:00:00.000Z,2653.89,2672.1,2556.68,2579.78,686.50770483
2024-09-26T00:00:00.000Z,2580.52,2664.12,2560.48,2631.93,1398.85168001
2024-09-27T00:00:00.000Z,2632.09,2725.98,2617.36,2694.62,1823.23576167
2024-09-28T00:00:00.000Z,2695.03,2703.09,2651.03,2675.23,495.027523
2024-09-29T00:00:00.000Z,2675.51,2683.93,2636,2659.06,240.66898701
2024-09-30T00:00:00.000Z,2658.98,2658.98,2578.65,2602.86,2575.03597261
2024-10-01T00:00:00.000Z,2602.17,2656.68,2415,2453.27,2213.32369823
2024-10-02T00:00:00.000Z,2447.65,2497.1,2354.78,2364.54,1912.93424131
2024-10-03T00:00:00.000Z,2364.01,2402.42,2311.52,2348.29,654.42408627
2024-10-04T00:00:00.000Z,2349.94,2440.86,2340.6,2414.45,1043.08773921
2024-10-05T00:00:00.000Z,2414.65,2427.12,2392.04,2415.29,199.567608
2024-10-06T00:00:00.000Z,2415.66,2455.23,2408.81,2440.55,307.28737895
2024-10-07T00:00:00.000Z,2439.98,2517.85,2406.07,2424.37,2159.89985214
2024-10-08T00:00:00.000Z,2422.72,2463.33,2401,2441.22,942.88478095
2024-10-09T00:00:00.000Z,2440.89,2471.31,2353.07,2370.61,1170.70329418
2024-10-10T00:00:00.000Z,2370.54,2420.71,2333,2382.44,1518.03330216
2024-10-11T00:00:00.000Z,2385.91,2470.53,2382.27,2437.02,865.79241399
2024-10-12T00:00:00.000Z,2439.66,2488.41,2436.24,2478.23,513.23259491
2024-10-13T00:00:00.000Z,2477.99,2483.34,2437.54,2467.47,460.42621589
2024-10-14T00:00:00.000Z,2468.86,2651.03,2445.7,2630.33,2961.51833361
2024-10-15T00:00:00.000Z,2629.96,2685.78,2540,2605.25,1158.4264001
2024-10-16T00:00:00.000Z,2606.82,2644.89,2593.08,2611.55,1174.50496936
2024-10-17T00:00:00.000Z,2613.68,2644.22,2579.23,2603.68,864.03845207
2024-10-18T00:00:00.000Z,2604.69,2673.28,2597,2641.4,872.22994105
2024-10-19T00:00:00.000Z,2642.51,2661.29,2633,2649.79,169.32377345
2024-10-20T00:00:00.000Z,2647.67,2756.71,2636.43,2745.7,971.01244795
2024-10-21T00:00:00.000Z,2745.7,2766.72,2656.11,2667.49,1015.86488233
2024-10-22T00:00:00.000Z,2666.7,2671.2,2607.42,2620.39,916.36829846
2024-10-23T00:00:00.000Z,2623.02,2625.74,2450.29,2525.28,1691.85325191
2024-10-24T00:00:00.000Z,2524.69,2559.17,2509.58,2536.86,2070.53629086
2024-10-25T00:00:00.000Z,2535.97,2559.17,2385.02,2442.78,3950.90450351
2024-10-26T00:00:00.000Z,2440.55,2504.82,2430.34,2482.82,954.56654133
2024-10-27T00:00:00.000Z,2482.65,2525.68,2465.35,2508.63,249.15244348
2024-10-28T00:00:00.000Z,2508.03,2587.88,2473.02,2566.5,1905.53772631
2024-10-29T00:00:00.000Z,2566.51,2679.66,2561.16,2638.59,2841.45543401
2024-10-30T00:00:00.000Z,2638.96,2721.11,2601.88,2659.29,917.48082118
2024-10-31T00:00:00.000Z,2658.85,2666,2505.19,2518.72,1192.67442677
2024-11-01T00:00:00.000Z,2518.61,2597.22,2470,2513.18,1574.1590813
2024-11-02T00:00:00.000Z,2511.73,2521.48,2470.99,2491.57,440.63227609
2024-11-03T00:00:00.000Z,2494.26,2496.56,2412.89,2457.41,945.82206702
2024-11-04T00:00:00.000Z,2457.75,2488.62,2359.9,2397.2,1286.31530645
2024-11-05T00:00:00.000Z,2398.48,2479.56,2384.07,2424.77,1824.26086041
2024-11-06T00:00:00.000Z,2422.76,2743.8,2422.76,2722.22,4872.97920115
2024-11-07T00:00:00.000Z,2722.19,2914.99,2700.89,2893.94,3547.80517777
2024-11-08T00:00:00.000Z,2895.91,2980.76,2888.51,2962.1,3680.9677764
2024-11-09T00:00:00.000Z,2962.34,3155.6,2916.22,3130.43,4384.24626078
2024-11-10T00:00:00.000Z,3123.22,3246.64,3068.98,3182.37,4971.69723734
2024-11-11T00:00:00.000Z,3183.65,3384.41,3109.35,3371.46,6750.14419479
2024-11-12T00:00:00.000Z,3371.54,3439.84,3209.86,3241.91,9070.7249657
2024-11-13T00:00:00.000Z,3244.17,3329.01,3118.5,3182.75,7631.60617644
2024-11-14T00:00:00.000Z,3188.37,3237.26,3031.63,3061.68,3462.53556232
2024-11-15T00:00:00.000Z,3058.72,3129.84,3016.97,3088.67,3091.55408446
2024-11-16T00:00:00.000Z,3087.44,3217.75,3073.5,3132.45,1838.47719089
2024-11-17T00:00:00.000Z,3133.99,3160.16,3037.75,3074.37,2220.43221626
2024-11-18T00:00:00.000Z,3075.77,3221,3051.54,3205.72,3576.0452893
2024-11-19T00:00:00.000Z,3207.55,3221.04,3067,3107.65,2916.27165104
2024-11-20T00:00:00.000Z,3106.63,3157.95,3029.23,3067.44,1830.39066786
2024-11-21T00:00:00.000Z,3069.2,3385,3034.96,3356.2,5816.61857025
2024-11-22T00:00:00.000Z,3360.21,3423.85,3260.97,3327.51,4250.44579933
2024-11-23T00:00:00.000Z,3327.52,3495.02,3316.19,3394,3681.26508047
2024-11-24T00:00:00.000Z,3394.61,3445.99,3284.85,3361.29,1868.16830914
2024-11-25T00:00:00.000Z,3357.65,3545.81,3305.38,3414.9,5189.58021799
2024-11-26T00:00:00.000Z,3414.59,3459.83,3255.45,3327.12,2829.97165758
2024-11-27T00:00:00.000Z,3325.34,3682.92,3307.53,3652.47,4407.8785053
2024-11-28T00:00:00.000Z,3655.98,3657.7,3532.7,3581.01,3110.60248262
2024-11-29T00:00:00.000Z,3578.86,3644.37,3537.49,3592.13,1811.03557301
2024-11-30T00:00:00.000Z,3591.99,3737.26,3571.09,3706.49,1899.90691962
2024-12-01T00:00:00.000Z,3704,3745,3659.67,3709.76,2928.10990468
2024-12-02T00:00:00.000Z,3709.94,3756.94,3559.15,3640.26,6246.33301963
2024-12-03T00:00:00.000Z,3643.68,3668.01,3502.17,3617.08,3023.4368402
2024-12-04T00:00:00.000Z,3619,3884.91,3618.59,3838.31,4648.04017032
2024-12-05T00:00:00.000Z,3831.21,3952.33,3641.21,3789.08,6718.04199378
2024-12-06T00:00:00.000Z,3785.11,4085,3782.01,4003,5995.27694596
2024-12-07T00:00:00.000Z,3999.01,4020.99,3971.73,3995.97,2287.33926852
2024-12-08T00:00:00.000Z,3998.66,4012.68,3925.95,4003.54,1805.0496462
2024-12-09T00:00:00.000Z,3995.57,4000.96,3500,3718.49,7160.95528617
2024-12-10T00:00:00.000Z,3711.3,3779.03,3517.38,3628.77,3570.82779349
2024-12-11T00:00:00.000Z,3630.43,3848,3565.57,3830,2645.43238881
2024-12-12T00:00:00.000Z,3830.52,3983.49,3797.88,3883.22,3353.52010734
2024-12-13T00:00:00.000Z,3883.19,3965.74,3854,3909.99,1308.01380485
2024-12-14T00:00:00.000Z,3908.5,3944.61,3828.04,3869.5,1207.92740216
2024-12-15T00:00:00.000Z,3870.12,3971.18,3832.79,3958.59,974.52925411
2024-12-16T00:00:00.000Z,3962.22,4105.2,3883.29,3986.23,5278.11896881
2024-12-17T00:00:00.000Z,3985,4038.56,3851.54,3892.32,3256.44512352
2024-12-18T00:00:00.000Z,3892.32,3905.95,3620.21,3621.91,5019.627764
2024-12-19T00:00:00.000Z,3635.49,3718.43,3329.29,3418.96,5958.90230266
2024-12-20T00:00:00.000Z,3416.89,3497.72,3102.08,3475.09,8731.89427167
2024-12-21T00:00:00.000Z,3472.46,3553.38,3292.99,3338.78,1797.66250235
2024-12-22T00:00:00.000Z,3338.46,3399.96,3222.58,3277.45,1341.71681341
2024-12-23T00:00:00.000Z,3282.18,3465,3220,3422.99,1750.63426798
2024-12-24T00:00:00.000Z,3422.99,3536.86,3360.87,3493.58,3347.24967068
2024-12-25T00:00:00.000Z,3490.83,3544.19,3444.52,3498.29,538.9352869
2024-12-26T00:00:00.000Z,3500,3511.29,3307.55,3334.69,1031.50140113
2024-12-27T00:00:00.000Z,3336.26,3440,3308.08,3333.24,2839.57986484
2024-12-28T00:00:00.000Z,3335.17,3425.24,3325.3,3404.25,1581.88079363
2024-12-29T00:00:00.000Z,3402.16,3410.47,3329.01,3363.4,3101.99286017
2024-12-30T00:00:00.000Z,3355.91,3436.91,3307.81,3362.7,2672.22802393
2024-12-31T00:00:00.000Z,3361.78,3447.67,3317.33,3342.04,2409.7639422
2025-01-01T00:00:00.000Z,3336.93,3373.34,3317.33,3360.04,1199.86535037
2025-01-02T00:00:00.000Z,3361.31,3506.32,3356.88,3452.81,1809.10779776
2025-01-03T00:00:00.000Z,3453,3627.5,3424.45,3607.03,2262.32039913
2025-01-04T00:00:00.000Z,3610.31,3669.37,3575.52,3659.28,1188.26543736
2025-01-05T00:00:00.000Z,3657.31,3671.55,3593.14,3634.77,1557.8318501
2025-01-06T00:00:00.000Z,3641.97,3742.63,3613.89,3687.43,1576.24452146
2025-01-07T00:00:00.000Z,3686.43,3697.37,3355.16,3381.5,3481.41675203
2025-01-08T00:00:00.000Z,3381.36,3413.28,3209.14,3327.4,2228.16026601
2025-01-09T00:00:00.000Z,3325.17,3355.43,3160,3219.08,3548.11391919
2025-01-10T00:00:00.000Z,3219.34,3319.99,3197.37,3267.22,1737.00109117
2025-01-11T00:00:00.000Z,3267.09,3318.22,3221.66,3283.29,284.82242935
2025-01-12T00:00:00.000Z,3284.85,3297.52,3226.93,3265.59,592.28468676
2025-01-13T00:00:00.000Z,3266.86,3334.64,2920.01,3137.92,3841.99705255
2025-01-14T00:00:00.000Z,3137.76,3252.58,3127.45,3224,2575.60793999
2025-01-15T00:00:00.000Z,3224,3470.89,3186.85,3449.01,1927.84950098
2025-01-16T00:00:00.000Z,3450.52,3459.44,3267.57,3308.24,1729.71333683
2025-01-17T00:00:00.000Z,3308.25,3521.85,3308.24,3475.87,2083.76850149
2025-01-18T00:00:00.000Z,3473,3490.05,3227.89,3309.55,2359.00177201
2025-01-19T00:00:00.000Z,3304.31,3446.86,3132.35,3215.18,3873.3565747
2025-01-20T00:00:00.000Z,3214.77,3448.98,3146.28,3280.89,6309.84596885
2025-01-21T00:00:00.000Z,3282.15,3367.45,3207.48,3327.54,2248.35156565
2025-01-22T00:00:00.000Z,3327.27,3363.53,3222.5,3241.48,1252.65212865
2025-01-23T00:00:00.000Z,3239.68,3347.65,3186.37,3336.14,3382.06335475
2025-01-24T00:00:00.000Z,3338.83,3428.9,3279.24,3310.61,3857.53928372
2025-01-25T00:00:00.000Z,3310,3349.45,3265.07,3317.58,1068.79719671
2025-01-26T00:00:00.000Z,3317.58,3359.71,3231.44,3232.58,1676.87713212
2025-01-27T00:00:00.000Z,3232.56,3251.63,3023.82,3179.47,4507.03406709
2025-01-28T00:00:00.000Z,3180.93,3220.04,3041.95,3079.84,874.29409476
2025-01-29T00:00:00.000Z,3078.15,3179.57,3056.78,3111.65,1728.99749891
2025-01-30T00:00:00.000Z,3113.53,3281.93,3094.63,3246.98,1700.38296465
2025-01-31T00:00:00.000Z,3248.81,3436.37,3216.18,3297.52,3294.9045296
2025-02-01T00:00:00.000Z,3297.52,3328.92,3105,3118.13,1756.22186062
2025-02-02T00:00:00.000Z,3117.44,3161.99,2750.81,2870.54,7124.40324812
2025-02-03T00:00:00.000Z,2870.06,2918.68,2125.81,2879.29,17039.64263127
2025-02-04T00:00:00.000Z,2879.29,2886.28,2635.78,2735.66,3043.50968019
2025-02-05T00:00:00.000Z,2732.63,2824.66,2699.71,2790.67,1539.20130816
2025-02-06T00:00:00.000Z,2787.56,2855.01,2657.07,2688.69,3397.5527828
2025-02-07T00:00:00.000Z,2686.05,2797.16,2564.05,2622.32,3061.1790461
2025-02-08T00:00:00.000Z,2622.25,2664.33,2590.13,2632.87,1214.30139257
2025-02-09T00:00:00.000Z,2633.66,2695.06,2523.87,2626.63,808.22565404
2025-02-10T00:00:00.000Z,2627.12,2691.8,2562.94,2659.57,1166.09266166
2025-02-11T00:00:00.000Z,2661.36,2725,2560,2603.37,1176.88922395
2025-02-12T00:00:00.000Z,2598.29,2792.63,2550,2737.58,2184.28168407
2025-02-13T00:00:00.000Z,2738.86,2757.25,2615.42,2674.85,1205.33062305
2025-02-14T00:00:00.000Z,2676.53,2789.59,2667.44,2725.09,1304.73458833
2025-02-15T00:00:00.000Z,2724.76,2735.57,2665.35,2690.19,498.09354057
2025-02-16T00:00:00.000Z,2693.15,2725.49,2653.08,2663.84,210.08775397
2025-02-17T00:00:00.000Z,2661.63,2850.11,2638.63,2743.8,2207.42347765
2025-02-18T00:00:00.000Z,2745.15,2751.97,2605.32,2670.43,2003.98514205
2025-02-19T00:00:00.000Z,2670.44,2736.55,2658.28,2716.49,1882.18113356
2025-02-20T00:00:00.000Z,2716.13,2768.34,2709.86,2739.99,1151.50501786
2025-02-21T00:00:00.000Z,2742.18,2843,2619.38,2660.5,3831.20257455
2025-02-22T00:00:00.000Z,2661.74,2795.59,2656.32,2762.86,1344.84293518
2025-02-23T00:00:00.000Z,2762.83,2854.32,2747.01,2827.68,1410.9885083
2025-02-24T00:00:00.000Z,2819.67,2838.63,2469.75,2513.94,3221.93099386
2025-02-25T00:00:00.000Z,2513.67,2531.58,2317.3,2496.44,5041.5917415
2025-02-26T00:00:00.000Z,2497.09,2504.06,2256.17,2335.01,2906.43608947
2025-02-27T00:00:00.000Z,2337,2380,2232.58,2307.49,1007.0950287
2025-02-28T00:00:00.000Z,2306.3,2312.34,2078.53,2236.24,3321.69084223
2025-03-01T00:00:00.000Z,2235.08,2279.24,2144.84,2217.38,642.28789083
2025-03-02T00:00:00.000Z,2217.74,2550,2175.77,2515.14,3001.28009877
2025-03-03T00:00:00.000Z,2519.02,2523.17,2099.57,2144.48,2186.89348864
2025-03-04T00:00:00.000Z,2147.39,2219.28,1999,2170.78,4946.113569
2025-03-05T00:00:00.000Z,2171.43,2272.99,2156.2,2242.68,855.16398576
2025-03-06T00:00:00.000Z,2243.1,2319.24,2178.93,2202.38,1993.38916972
2025-03-07T00:00:00.000Z,2202.1,2255.58,2104.43,2140.3,4153.01019507
2025-03-08T00:00:00.000Z,2141.82,2231.9,2110.14,2202.19,1733.15657409
2025-03-09T00:00:00.000Z,2200.09,2209.69,1992.48,2020.45,1498.73930146
2025-03-10T00:00:00.000Z,2020.83,2150.62,1812.12,1863.4,6313.33953555
2025-03-11T00:00:00.000Z,1865.98,1962.25,1755,1923.78,5929.42000741
2025-03-12T00:00:00.000Z,1924.36,1955.5,1833,1909.69,4761.84652119
2025-03-13T00:00:00.000Z,1909.38,1922.32,1824,1862.47,2908.81488578
2025-03-14T00:00:00.000Z,1864.53,1944.79,1861.77,1908.79,6005.19959384
2025-03-15T00:00:00.000Z,1911.65,1956.1,1905.12,1936.81,810.96232661
2025-03-16T00:00:00.000Z,1936.54,1939.26,1862.15,1887.44,912.58779877
2025-03-17T00:00:00.000Z,1886.8,1951,1882.06,1926.48,2449.86549779
2025-03-18T00:00:00.000Z,1927.14,1934.07,1873.16,1932.79,1016.44894135
2025-03-19T00:00:00.000Z,1929.82,2068.26,1929.23,2058.12,2925.36853794
2025-03-20T00:00:00.000Z,2056.51,2067.73,1952.9,1982.56,1446.44925212
2025-03-21T00:00:00.000Z,1984.18,1994.42,1938.23,1964.94,1024.96310908
2025-03-22T00:00:00.000Z,1966.85,2005.87,1966.28,1980.12,415.83770395
2025-03-23T00:00:00.000Z,1980.65,2020.13,1978.37,2007,893.3362784
2025-03-24T00:00:00.000Z,2004.06,2102.26,1979.01,2081.85,4001.91576377
2025-03-25T00:00:00.000Z,2078.07,2095.52,2038.88,2067.75,1708.48420367
2025-03-26T00:00:00.000Z,2066.06,2075.88,1983.1,2009.27,3034.17585066
2025-03-27T00:00:00.000Z,2009.63,2035.76,1987.24,2001.93,2689.1335252
2025-03-28T00:00:00.000Z,2003.54,2015.95,1861.06,1897.56,3951.82781938
2025-03-29T00:00:00.000Z,1897.07,1912.92,1799.57,1829.39,1554.01278994
2025-03-30T00:00:00.000Z,1828.87,1848.22,1769.35,1807.14,1300.03763303
2025-03-31T00:00:00.000Z,1807.71,1853.09,1778.82,1821.9,1566.91773779
2025-04-01T00:00:00.000Z,1820.72,1926.21,1820.72,1905.6,4522.22255792
2025-04-02T00:00:00.000Z,1904.34,1957.31,1782.34,1796.59,3563.86663963
2025-04-03T00:00:00.000Z,1795.84,1843,1750.23,1817.56,1619.34807158
2025-04-04T00:00:00.000Z,1819.65,1834.99,1760,1814.76,2734.20869591
2025-04-05T00:00:00.000Z,1815.62,1827.17,1764.46,1808.49,915.38979229
2025-04-06T00:00:00.000Z,1804.77,1815.35,1538.99,1580.1,10019.55713208
2025-04-07T00:00:00.000Z,1580.11,1637.9,1412.86,1552.99,8717.68915982
2025-04-08T00:00:00.000Z,1553.05,1618.78,1448.09,1473.26,3755.4765946
2025-04-09T00:00:00.000Z,1474.69,1686,1384.45,1668.01,10074.541246
2025-04-10T00:00:00.000Z,1668.73,1669.62,1473.53,1523.56,4058.00235116
2025-04-11T00:00:00.000Z,1522.11,1589.25,1508.33,1566.54,3832.4112169
2025-04-12T00:00:00.000Z,1566.62,1668.42,1547.6,1644.2,2106.80621612
2025-04-13T00:00:00.000Z,1644.33,1647.96,1563.5,1597.18,3122.45974886
2025-04-14T00:00:00.000Z,1598.56,1690.19,1596.14,1620.83,1527.22319337
2025-04-15T00:00:00.000Z,1624.04,1659.63,1584.2,1589.12,1056.26595498
2025-04-16T00:00:00.000Z,1588.62,1612.72,1539.32,1579.07,1955.12294278
2025-04-17T00:00:00.000Z,1577.33,1615.37,1565.33,1581.92,742.73740974
2025-04-18T00:00:00.000Z,1583.82,1600,1574.19,1588.98,378.04106495
2025-04-19T00:00:00.000Z,1588.48,1630.3,1586.47,1614.47,1650.29744898
2025-04-20T00:00:00.000Z,1613.08,1617.87,1566,1585.97,570.35208591
2025-04-21T00:00:00.000Z,1587.67,1655.57,1563.7,1579.69,1167.03789829
2025-04-22T00:00:00.000Z,1579.5,1775.94,1539.85,1755.68,4181.38045233
2025-04-23T00:00:00.000Z,1757.3,1832.92,1747.04,1795.61,1368.24373878
2025-04-24T00:00:00.000Z,1796.53,1801,1723.85,1769.4,577.75957682
2025-04-25T00:00:00.000Z,1769.69,1825.17,1740.26,1785.32,2404.41121867
2025-04-26T00:00:00.000Z,1791.34,1842.9,1780.01,1822.25,977.87008171
2025-04-27T00:00:00.000Z,1822.23,1855.24,1784,1793.45,402.11399053
2025-04-28T00:00:00.000Z,1791.74,1826.49,1747.24,1798.2,1055.550895
2025-04-29T00:00:00.000Z,1799.43,1841.9,1782.92,1799.12,945.38483725
2025-04-30T00:00:00.000Z,1799.03,1815.81,1733.67,1792.41,631.19817865
2025-05-01T00:00:00.000Z,1793.8,1871.07,1793.8,1839.59,789.20534575
2025-05-02T00:00:00.000Z,1837.93,1870,1815.18,1841.6,748.27525611
2025-05-03T00:00:00.000Z,1842.2,1846.35,1811.75,1833.35,159.9420589
2025-05-04T00:00:00.000Z,1833.91,1848.1,1804.51,1808.93,183.46989355
2025-05-05T00:00:00.000Z,1808.05,1831.58,1783.45,1819.78,951.78985571
2025-05-06T00:00:00.000Z,1819.85,1820.24,1752.76,1814.85,1467.24128094
2025-05-07T00:00:00.000Z,1816.98,1849,1788.41,1811.04,1552.67384624
2025-05-08T00:00:00.000Z,1814.7,2223.61,1810.94,2207.75,3169.27771327
2025-05-09T00:00:00.000Z,2206.94,2486.46,2185.46,2345.19,2971.01394999
2025-05-10T00:00:00.000Z,2345.35,2598.22,2319.86,2580.59,2198.53077817
2025-05-11T00:00:00.000Z,2581.88,2605.67,2438.97,2510.24,1903.35827406
2025-05-12T00:00:00.000Z,2514.77,2622,2407.62,2493.75,2435.38844599
2025-05-13T00:00:00.000Z,2495.5,2736.67,2416.55,2678.92,2641.204644
2025-05-14T00:00:00.000Z,2679.37,2722.48,2550,2606.3,1309.02786152
2025-05-15T00:00:00.000Z,2609.8,2644.95,2478.43,2548.1,1767.54809159
2025-05-16T00:00:00.000Z,2548.6,2645.83,2532.61,2536.07,1509.90059002
2025-05-17T00:00:00.000Z,2536.69,2536.69,2446.49,2475.54,1406.13541767
2025-05-18T00:00:00.000Z,2475.36,2584.95,2320,2495.94,2082.39798521
2025-05-19T00:00:00.000Z,2496.6,2544.33,2350,2527.59,2045.01297345
2025-05-20T00:00:00.000Z,2528.15,2583.67,2445.2,2521.23,1885.44239444
2025-05-21T00:00:00.000Z,2524.1,2613.21,2454.5,2547.38,2907.6907981
2025-05-22T00:00:00.000Z,2552,2689.99,2547.42,2662.13,2576.7627081
2025-05-23T00:00:00.000Z,2663.81,2731.11,2501.31,2524.02,3529.93628872
2025-05-24T00:00:00.000Z,2526.7,2573.7,2515.51,2530.73,644.39278515
2025-05-25T00:00:00.000Z,2529.35,2552.33,2462.84,2549.53,1551.73977871
2025-05-26T00:00:00.000Z,2551.14,2597.59,2526.23,2563.67,1043.65071057
2025-05-27T00:00:00.000Z,2563.46,2711.83,2511.37,2663.74,2901.66755221
2025-05-28T00:00:00.000Z,2659.47,2686.49,2608.39,2678.38,3752.47011136
2025-05-29T00:00:00.000Z,2681,2787.16,2620.92,2633.41,2495.78233329
2025-05-30T00:00:00.000Z,2630.94,2646.4,2510,2530.08,2324.94372094
2025-05-31T00:00:00.000Z,2531.52,2548.55,2478,2528.17,736.85959556
2025-06-01T00:00:00.000Z,2528.1,2547.42,2469.18,2536.61,698.89752569
2025-06-02T00:00:00.000Z,2539.84,2614.31,2476.76,2605.54,1378.62063834
2025-06-03T00:00:00.000Z,2607.08,2653.73,2575,2591.77,1713.26006164
2025-06-04T00:00:00.000Z,2592.98,2677.33,2586.42,2607.85,2329.37060155
2025-06-05T00:00:00.000Z,2607.44,2638.26,2394.24,2419.36,1882.85925747
2025-06-06T00:00:00.000Z,2414.96,2528.29,2384.34,2475.55,2123.53546413
2025-06-07T00:00:00.000Z,2473.74,2542.45,2459.28,2524.61,1117.37273503
2025-06-08T00:00:00.000Z,2524.65,2545.61,2493.68,2509.84,1189.51536962
2025-06-09T00:00:00.000Z,2509.39,2692.12,2479.9,2681.29,1610.56573519
2025-06-10T00:00:00.000Z,2680.3,2824,2657.82,2812.55,4614.73658584
2025-06-11T00:00:00.000Z,2815.46,2878.39,2744.42,2772.5,3187.64702311
2025-06-12T00:00:00.000Z,2771.17,2781.75,2620,2643.02,1924.33791935
2025-06-13T00:00:00.000Z,2642.35,2645.73,2441.05,2579.88,4127.24790604
2025-06-14T00:00:00.000Z,2575.99,2575.99,2491.01,2532.29,695.44632643
2025-06-15T00:00:00.000Z,2531.35,2557.63,2493.26,2546.1,1231.77730859
2025-06-16T00:00:00.000Z,2546.35,2678.1,2516.94,2539.78,2189.76948983
2025-06-17T00:00:00.000Z,2537.38,2615.72,2456.14,2509.78,2182.94235755
2025-06-18T00:00:00.000Z,2518.77,2545.54,2470,2522.48,1270.77500921
2025-06-19T00:00:00.000Z,2526.11,2547.48,2485.76,2522.49,870.73361659
2025-06-20T00:00:00.000Z,2521.27,2567.97,2368.98,2407.12,2083.50326421
2025-06-21T00:00:00.000Z,2404.86,2446.32,2215.19,2295.25,2113.6029012
2025-06-22T00:00:00.000Z,2299.5,2313.41,2114.87,2225.43,2297.29481058
2025-06-23T00:00:00.000Z,2227.1,2438.47,2191.79,2412.11,2842.42807446
2025-06-24T00:00:00.000Z,2412.41,2480.83,2377.05,2445.63,2200.47249194
2025-06-25T00:00:00.000Z,2447.31,2466.64,2390.94,2418.95,1624.84641954
2025-06-26T00:00:00.000Z,2418.84,2518,2394.91,2415.78,2310.50501294
2025-06-27T00:00:00.000Z,2415.51,2461.18,2382.64,2422.36,1035.06128746
2025-06-28T00:00:00.000Z,2421.64,2445.81,2406.73,2437.21,241.59047226
2025-06-29T00:00:00.000Z,2435,2523.25,2412.31,2500.02,656.72677375
2025-06-30T00:00:00.000Z,2503.97,2521.79,2436,2486.54,1087.89051446
2025-07-01T00:00:00.000Z,2486.69,2498.34,2388.33,2405.33,1335.60013223
2025-07-02T00:00:00.000Z,2404.01,2615.92,2373.81,2569.58,2301.28867196
2025-07-03T00:00:00.000Z,2569.47,2633.35,2557.49,2590.82,2324.08333096
2025-07-04T00:00:00.000Z,2591.2,2598.31,2475.11,2508.26,1585.25819874
2025-07-05T00:00:00.000Z,2509.99,2528.98,2489.86,2518.03,378.04114098
2025-07-06T00:00:00.000Z,2516.91,2602.2,2506.09,2570.45,1252.10398579
2025-07-07T00:00:00.000Z,2570.79,2588,2514.3,2542.41,1088.56881956
2025-07-08T00:00:00.000Z,2541.39,2626.54,2526.19,2615.4,2519.9094945
2025-07-09T00:00:00.000Z,2615.83,2795,2592.12,2769.73,8695.31988179
2025-07-10T00:00:00.000Z,2770.74,3001.9,2756.89,2951.64,6428.06571869
2025-07-11T00:00:00.000Z,2950.11,3037.11,2915.41,2958.59,3167.01248168
2025-07-12T00:00:00.000Z,2957.93,2978.35,2906.3,2945.69,1032.71444458
2025-07-13T00:00:00.000Z,2943.4,3017.87,2939.11,2976.28,19191.65566663
2025-07-14T00:00:00.000Z,2972.93,3079.82,2963.51,3012,3931.38908843
2025-07-15T00:00:00.000Z,3013.61,3143.54,2933.39,3140.1,3101.28597812
2025-07-16T00:00:00.000Z,3139.51,3422.48,3101.92,3373.97,4060.73241786
2025-07-17T00:00:00.000Z,3371.29,3523.87,3314.1,3473.76,2767.44807418
2025-07-18T00:00:00.000Z,3477.22,3671.55,3461.4,3545.08,6160.50133776
2025-07-19T00:00:00.000Z,3546.21,3603.64,3510.34,3594.38,835.28998316
2025-07-20T00:00:00.000Z,3592.16,3821.44,3580.22,3757.38,2696.38616994
2025-07-21T00:00:00.000Z,3756.7,3854.61,3702.15,3762.99,3402.01383231
2025-07-22T00:00:00.000Z,3762.99,3796.02,3617.61,3748.07,4158.82680845
2025-07-23T00:00:00.000Z,3746.54,3760.56,3529.11,3628.48,3855.76077667
2025-07-24T00:00:00.000Z,3628.52,3769.8,3513.64,3706.94,3531.86492001
2025-07-25T00:00:00.000Z,3707.73,3744.62,3576.41,3728.03,2203.75798486
2025-07-26T00:00:00.000Z,3725.25,3791.06,3702.03,3740.69,1202.91681741
2025-07-27T00:00:00.000Z,3741.68,3876.68,3731.36,3871.48,1802.85685151
2025-07-28T00:00:00.000Z,3872.95,3938.54,3756.82,3794.69,2702.25753534
2025-07-29T00:00:00.000Z,3798.98,3883.65,3719.7,3786.26,2376.64185936
2025-07-30T00:00:00.000Z,3793.61,3830.75,3673.91,3808.71,1178.12237139
2025-07-31T00:00:00.000Z,3809.88,3876.93,3684.6,3695.63,1570.87446566
2025-08-01T00:00:00.000Z,3697.91,3721.3,3433.07,3488.84,5640.20913496
2025-08-02T00:00:00.000Z,3487.88,3535.65,3369.57,3393.68,3000.28775387
2025-08-03T00:00:00.000Z,3393.65,3521.81,3357,3497.13,1020.58657346
2025-08-04T00:00:00.000Z,3496.8,3733.02,3491.61,3719.65,1150.14773535
2025-08-05T00:00:00.000Z,3720.91,3720.92,3549.04,3612.23,1584.94008692
2025-08-06T00:00:00.000Z,3612.23,3697.37,3567.1,3683.59,2215.93204665
2025-08-07T00:00:00.000Z,3682.64,3924.17,3649.46,3910.1,2431.98403772
2025-08-08T00:00:00.000Z,3911.35,4067.3,3881.38,4008.16,6921.43090637
2025-08-09T00:00:00.000Z,4009.25,4322.34,4007.84,4260.7,3353.92279669
2025-08-10T00:00:00.000Z,4260.77,4328.72,4163.51,4254.18,2903.97039199
2025-08-11T00:00:00.000Z,4251.15,4362.1,4167.49,4229.45,5390.62533827
2025-08-12T00:00:00.000Z,4223.12,4636.36,4223.12,4590.83,4689.17367205
2025-08-13T00:00:00.000Z,4589.48,4780.37,4566.12,4761.54,5724.22571831
2025-08-14T00:00:00.000Z,4749.5,4787.86,4444,4545.82,7484.92577681
2025-08-15T00:00:00.000Z,4548.48,4666.61,4369,4435.12,4534.6073993
2025-08-16T00:00:00.000Z,4439.74,4488,4375.82,4421.92,1189.07873921
2025-08-17T00:00:00.000Z,4421.92,4571.55,4398.9,4472.08,2244.03892047
2025-08-18T00:00:00.000Z,4472.66,4478.9,4230.09,4311.46,2895.16901764
2025-08-19T00:00:00.000Z,4312.82,4348.96,4068.64,4071.48,2865.53722692
2025-08-20T00:00:00.000Z,4075.8,4375.86,4066.75,4334.28,3037.3205816
2025-08-21T00:00:00.000Z,4337.01,4339.33,4204.83,4226.07,1136.04014277
2025-08-22T00:00:00.000Z,4224.84,4882.97,4207.88,4831,4240.2667811
2025-08-23T00:00:00.000Z,4831.02,4831.02,4665.72,4778.37,1209.65856043
2025-08-24T00:00:00.000Z,4778.11,4954,4714.02,4779.22,3436.01385153
2025-08-25T00:00:00.000Z,4781.43,4796.1,4522.94,4652.26,1611.64500152